signal_date,ticker,type,score,regime,ref_close,stop,adr,status,entry_date,entry,stop_used,partial_date,exit_date,exit,exit_reason,r,ret_5,ret_10,ret_20,mfe_r,mae_r,bars
2026-09-30,LGHL,EP,66,Neutral,5.440000057220459,4.630199909210205,,invalid,2026-10-01,4.559999942779541,4.630199909210205,,,,abrió bajo el stop,,,,,,,
2026-09-30,VBIO,EP,62,Neutral,3.2049999237060547,3.049999952316284,,invalid,2026-10-01,2.549999952316284,3.049999952316284,,,,abrió bajo el stop,,,,,,,
2026-09-30,MSGY,EP,57,Neutral,5.889999866485596,4.789999961853027,,open,2026-10-01,5.099999904632568,4.789999961853027,,,,,0.22580704703922524,,,,1.9354839205866021,-0.6774196029330105,1.0
2026-09-30,TNON,9M,75,Neutral,4.034999847412109,2.75,,open,2026-10-01,3.944999933242798,2.75,,,,,0.07949793633245966,,,,0.19665264286510914,-0.2468618028076732,1.0
2026-09-30,CAPR,9M,42,Neutral,9.670000076293944,9.520000457763672,,invalid,2026-10-01,9.359999656677246,9.520000457763672,,,,abrió bajo el stop,,,,,,,
2026-09-30,CHPT,DEP,87,Neutral,10.149999618530272,8.649999618530273,,open,2026-10-01,10.135000228881836,8.649999618530273,,,,,0.043770743210612306,,,,0.20202024742861252,-0.24107720841339486,1.0
2026-09-30,LUXE,DEP,87,Neutral,9.890000343322754,8.869999885559082,,open,2026-10-01,9.819999694824219,8.869999885559082,,,,,0.18947404348956529,,,,0.43157887339920714,-0.005263279415588262,1.0
2026-09-30,VRA,DEP,84,Neutral,4.590000152587891,4.0,,open,2026-10-01,4.599999904632568,4.0,,,,,0.6333336247338652,,,,0.8500005165736702,-0.14999948342632985,1.0
2026-09-30,CAPR,DEP,55,Neutral,9.670000076293944,8.149999618530273,,open,2026-10-01,9.359999656677246,8.149999618530273,,,,,-0.3471074901263185,,,,0.024793955123713622,-0.43801629443156676,1.0
2026-09-30,GRAL,DEP,55,Neutral,143.09120178222656,101.9800033569336,,open,2026-10-01,138.22999572753906,101.9800033569336,,,,,-0.15641377551138527,,,,0.09131029669616629,-0.17075872397770828,1.0
2026-09-30,OPTX,DEP,48,Neutral,8.3100004196167,6.822000026702881,,open,2026-10-01,8.199999809265137,6.822000026702881,,,,,-0.06531216748129244,,,,0.029027553094857043,-0.34833098317401273,1.0
2026-09-30,VEEV,DEP,40,Neutral,285.2799987792969,263.0,,open,2026-10-01,291.3999938964844,263.0,,,,,-0.33345081887061295,,,,0.0,-0.33837983862215254,1.0
2026-09-29,CCL,EP,60,Desfavorable,25.11000061035156,24.0,0.0296378258103817,closed,2026-09-30,25.389999389648438,24.63749501041234,,2026-09-30,24.63749501041234,stop,-1.0,,,,0.11960083565128762,-1.129559505001111,1.0
2026-09-29,IOVA,EP,54,Desfavorable,14.449999809265137,12.779999732971191,0.0570902268658429,open,2026-09-30,14.649999618530273,13.81362781672387,,,,,-0.5021691015727993,,,,0.5499946759963212,-0.6576013632605177,2.0
2026-09-29,WW,EP,54,Desfavorable,17.100000381469727,14.880000114440918,0.0843559768885529,closed,2026-09-30,16.729999542236328,15.31872408750594,,2026-09-30,15.460000038146973,cierre < MM10,-0.8998948432302875,,,,0.32948929355306106,-0.8998948432302875,1.0
2026-09-29,PWP,9M,60,Desfavorable,16.3700008392334,14.329999923706056,0.0584572308469897,open,2026-09-30,16.280000686645508,15.32831692831712,,,,,-0.5516544415203031,,,,0.15761498209630537,-0.7880779167563784,2.0
2026-09-29,GFI,9M,42,Desfavorable,36.77999877929688,35.93000030517578,0.0291763438873858,closed,2026-09-30,36.66999816894531,35.93000030517578,,2026-09-30,35.93000030517578,stop,-1.0,,,,0.013516439330673348,-1.0540554473003207,1.0
2026-09-29,SIG,DEP,77,Desfavorable,104.31999969482422,98.94000244140624,0.0403937826233198,closed,2026-09-30,104.56999969482422,100.34602185823087,,2026-10-01,100.34602185823087,stop,-1.0,,,,0.32433947325986506,-1.041672493581908,2.0
2026-09-29,TLYS,DEP,77,Desfavorable,4.789999961853027,4.050000190734863,0.0976465657375645,open,2026-09-30,4.78000020980835,4.313249605095726,,,,,-0.5570431537885573,,,,0.12854818434886178,-0.6427419433544651,2.0
2026-09-29,MRNA,DEP,65,Desfavorable,203.4600067138672,168.3000030517578,0.0737381840580761,open,2026-09-30,186.5500030517578,172.79414459069264,,,,,0.17374411029403466,,,,1.0504612990270084,-0.14321179781538546,2.0
2026-09-29,GRAL,DEP,55,Desfavorable,136.57000732421875,101.9800033569336,0.0682638339259989,open,2026-09-30,138.27000427246094,128.83116366385852,,,,,-0.6049478903863651,,,,1.3970991784671631,-0.6600398549637744,2.0
2026-09-29,DPRO,DEP,52,Desfavorable,6.199999809265137,5.223999977111816,0.0752446605689677,closed,2026-09-30,6.300000190734863,5.825958814798587,,2026-10-01,5.825958814798587,stop,-1.0,,,,0.0,-1.7466831181754388,2.0
2026-09-29,GNRC,DEP,50,Desfavorable,212.22000122070312,193.9600067138672,0.0393569387388738,closed,2026-09-30,212.52999877929688,204.16546863716715,,2026-10-01,204.16546863716715,stop,-1.0,,,,0.17574223485658247,-1.2648650493548075,2.0
2026-10-01,MAT,9M,64,Desfavorable,15.039999961853027,12.399999618530273,0.029451985960848227,pending,,,,,,,,,,,,,,
2026-10-01,STLA,9M,45,Desfavorable,4.690000057220459,4.300000190734863,0.03145877835618612,pending,,,,,,,,,,,,,,
2026-10-01,KD,9M,43,Desfavorable,12.119999885559082,11.59000015258789,0.04268451689591368,pending,,,,,,,,,,,,,,
2026-10-01,PACB,9M,36,Desfavorable,2.509999990463257,2.319999933242798,0.08216478415358057,pending,,,,,,,,,,,,,,
2026-10-01,LUXE,DEP,87,Desfavorable,10.0,8.869999885559082,0.058145707781669574,pending,,,,,,,,,,,,,,
2026-10-01,RLGT,DEP,80,Desfavorable,9.010000228881836,8.489999771118164,0.03542910340403647,pending,,,,,,,,,,,,,,
2026-10-01,VRA,DEP,79,Desfavorable,4.980000019073486,4.0,0.0766238966144791,pending,,,,,,,,,,,,,,
2026-10-01,SCSC,DEP,67,Desfavorable,62.220001220703125,56.33000183105469,0.02775395446425547,pending,,,,,,,,,,,,,,
2026-10-01,SWBI,DEP,65,Desfavorable,14.40999984741211,13.819999694824219,0.0360037445736458,pending,,,,,,,,,,,,,,
2026-10-01,OKTA,DEP,61,Desfavorable,212.6300048828125,190.5,0.05185760335459007,pending,,,,,,,,,,,,,,
2026-10-01,GTLB,DEP,59,Desfavorable,49.95000076293945,44.220001220703125,0.04316186981708218,pending,,,,,,,,,,,,,,
