ticker,kind,date,ep_date,days,ep_gap,ep_rvol,ep_close_pos,ret_3m,ext_sma50,neglected,held_lod,close,chg,rvol,from_high,tight_range,vol_dryup,ret_since_ep,stop_ref,risk_pct,dollar_vol,sector,industry,mkt_cap,float_shares,short_pct_float,rev_growth,eps_growth_q,earnings_catalyst,earnings_date,eps_est,eps_act,eps_surprise_pct,rev_yoy_q0,name,score
LUXE,Breakout,2026-09-30,2026-09-16,10,0.1734266057924576,17.66076714744599,0.5500299399591597,-0.05797102086624284,-0.08884696542277615,True,True,9.859999656677246,0.02601456908755395,0.5033160309800309,-0.025691722512057313,0.1044624512003578,0.08566743937232525,0.11918265460266908,8.869999885559082,0.11161215150971371,1088011.5221157074,Consumer Cyclical,Luxury Goods,1378837248,21284666,0.1985,0.115,,True,2026-09-16,-0.09,,104.26,1.7372499051577681,"LuxExperience B.V. American Depositary Shares, each representing one Ordinary Share",87
CHPT,Breakout,2026-09-30,2026-09-03,18,0.3294797725036587,75.63711740379802,0.8977271126321733,-0.3180026325671502,-0.1017963968084249,False,True,10.25,0.07668062049734514,0.5920023423467159,-0.04384330739938269,0.1745073271960747,0.024760852761501057,0.128854635035768,8.649999618530273,0.18497115052377122,11999541.75,Consumer Cyclical,Specialty Retail,275215808,26035954,0.21280001,0.177,,True,2026-09-02,-0.85,-0.35,58.51,0.17735064408154977,"ChargePoint Holdings, Inc. Common Stock",81
VRA,Breakout,2026-09-30,2026-09-15,11,0.1874999803932087,101.79542694196546,0.9340660031644168,-0.1978891840498347,-0.12214843892788452,True,True,4.619999885559082,0.0819671911465969,0.7027751971874602,-0.01458917950625327,0.1490042876124928,0.025781017101554532,0.12958428195554994,4.0,0.1549999713897705,1425926.0046787262,Consumer Cyclical,Footwear & Accessories,131967848,18921895,0.0296,0.011,,True,2026-09-15,-0.08,0.11,237.5,0.011163171413248962,"Vera Bradley, Inc. - Common Stock",79
GRAL,Breakout,2026-09-30,2026-09-21,7,0.1605794448403821,4.762529519811073,0.8189744215745193,0.26717907932457474,0.09210923986001673,True,True,141.25,0.034268085412567206,1.3453712179051844,-0.0673945124639429,0.3502824361345409,0.4566353696288092,0.30823375384861507,101.9800033569336,0.38507545940766486,180205902.5,Healthcare,Diagnostics & Research,6297938944,34341634,0.19479999,0.257,,False,,,,,0.2572304749043439,"GRAIL, Inc. - Common Stock",55
VEEV,Breakout,2026-09-30,2026-08-27,23,0.1243313104166357,3.2492065584409002,0.3415776867012808,0.545270964563584,0.20762871975097297,False,False,285.9049987792969,0.02633087289451508,0.4001846881878126,-0.034887225883654116,0.06201364460932259,0.19646467357383599,0.013380334707938646,263.0,0.08709125011139496,200966626.31195068,Healthcare,Health Information Services,46290550784,148282601,0.0335,0.176,0.365,True,2026-08-26,2.22,2.35,5.77,0.17600474476004369,Veeva Systems Inc. Class A Common Stock,40
OPTX,Breakout,2026-09-30,2026-09-21,7,0.18409425729346673,3.88894132081259,0.11842059032422407,-0.43930634563567983,-0.12078521424469191,False,False,8.369999885559082,0.12955466368629498,1.7443242083685897,-0.02219632298407348,0.19928312631080372,0.23926255119065673,0.06083650534803997,6.822000026702881,0.2269129071822007,4900283.392999649,Technology,Electronic Components,337142592,10267744,0.1866,0.261,,,,,,,,"Syntec Optics Holdings, Inc. - Class A Common Stock",37
AOUT,Setup,2026-09-30,2026-09-04,17,0.27472526844359413,36.83278753927224,0.9100528406384473,0.007042319059719304,-0.1957125926694231,True,True,16.0,-0.05325441649971718,0.636785376965387,-0.095483026440216,0.10899996757507324,0.025635337921696942,0.10497241062266771,15.944999694824219,0.003449376370551649,1833840.0,Consumer Cyclical,Leisure,203201728,11132299,0.0322,0.254,,True,2026-09-03,-0.24,0.03,112.5,0.25425897245976703,"American Outdoor Brands, Inc. - Common Stock",94
FEIM,Setup,2026-09-30,2026-09-11,13,0.33129231257380365,4.8643058602319025,0.8793702282949107,-0.06858766424296259,-0.05451396191979896,True,True,86.29000091552734,0.02543077065768462,0.444009313546722,-0.03865865795587475,0.09282645059509542,0.22928437057080273,-0.02364784343563442,81.58000183105469,0.057734726388296354,13657636.184906006,Technology,Communication Equipment,969108096,8854491,0.1126,0.698,5.65,True,2026-09-10,0.15,0.41,173.33,0.6978714161598609,"Frequency Electronics, Inc. - Common Stock",92
DELL,Setup,2026-09-30,2026-09-02,19,0.08717644186580875,5.619509262804591,0.9118993012812089,-0.023684265503702284,-0.021241587656345207,True,True,543.0499877929688,0.006412203275259598,0.4056331663996761,-0.08809259477150178,0.07982686043713559,0.17689354088485357,0.10331160976190468,530.4500122070312,0.023753370338353008,1734518495.5603638,Technology,Computer Hardware,345131876352,292168675,0.0468,0.577,2.551,True,2026-09-01,4.92,7.04,43.14,0.5774785061794734,Dell Technologies Inc. Class C Common Stock,81
SIG,Setup,2026-09-30,2026-09-09,15,0.14926822596593015,6.364931456990363,0.9400234425736145,-0.022350986804828277,-0.06134046075911004,True,True,102.38500213623047,-0.018548672970229663,0.48370538267432006,-0.03200335269234256,0.059481332332126685,0.12299553252323088,-0.0009270220295781728,99.68000030517578,0.027136856167467638,42431621.205322266,Consumer Cyclical,Luxury Goods,3927325952,34495481,0.2142,-0.005,,True,2026-09-09,1.74,2.19,26.14,-0.004559963520291865,Signet Jewelers Limited Common Shares,77
DSP,Setup,2026-09-30,2026-09-18,8,0.15069852357517077,8.902356162879283,0.5546219160846446,-0.08659979818965324,-0.19424224920453992,True,True,12.199999809265137,0.0024650561037897756,0.6250310549156628,-0.05426355271046812,0.05983602898763483,0.1562245008094981,0.02693600098835347,12.0,0.016666650772094727,2885153.5548934937,Technology,Software - Application,810925312,20242163,0.084,0.339,,False,,,,,0.3391134574133303,Viant Technology Inc. - common stock,66
PRTH,Setup,2026-09-30,2026-09-21,7,0.33533446814580525,43.81835149787091,0.5,-0.18688983798177516,-0.024741144084495792,True,True,7.789999961853027,0.0,0.36692961175944566,-0.0063775752247094974,0.006418448542047427,0.07574966956168093,-0.0012820805945253921,7.760000228881836,0.003865944856487946,3183648.3444099426,Technology,Software - Infrastructure,642870976,29137725,0.056799997,0.094,-0.093,False,,,,,0.0935899788167398,"Priority Technology Holdings, Inc. - Common Stock",65
SWBI,Setup,2026-09-30,2026-09-04,17,0.15077419386931235,3.202585738737018,0.38500022888183594,-0.19116675042487852,-0.1524369700940058,True,True,14.020000457763672,-0.0028449474153087184,0.3013754576350297,-0.02026554530742597,0.034950121882566645,0.22092106186410948,0.08766486302122378,13.819999694824219,0.014471835553973023,2317449.995666504,Industrials,Aerospace & Defense,628652352,43767563,0.0634,0.323,,True,2026-09-03,-0.05,0.06,220.0,0.32335413801615,"Smith & Wesson Brands, Inc. - Common Stock",65
WOR,Setup,2026-09-30,2026-09-23,5,0.13861557811337133,5.401243289064707,0.27407400866430837,-0.03424545624105235,0.027824835959549654,True,True,60.88999938964844,0.015849195607357647,0.40435787507185283,-0.09846019300763853,0.0658564982168843,0.29901412503269686,0.019932975067024072,58.41999816894531,0.04228006330229772,8223925.097564697,Industrials,Metal Fabrication,2979151872,29983455,0.0429,0.132,0.211,True,2026-09-22,0.75,0.82,9.33,0.16852688402058602,"Worthington Enterprises, Inc. Common Shares",65
WEAV,Setup,2026-09-30,2026-08-18,30,0.3182639575533892,42.35185531478333,0.0,0.04734848296702521,-0.10189361922337803,True,True,7.364999771118164,0.0006792985751444824,0.1301094283528994,-0.002032566814382797,0.006788892367782407,0.02469278880040184,0.011675763579689802,7.329999923706055,0.004774876913561155,3059494.5549201965,Healthcare,Health Information Services,592115328,63552100,0.0757,0.155,,False,,,,,0.15515649050795277,"Weave Communications, Inc. Common Stock",63
OKTA,Setup,2026-09-30,2026-08-27,23,0.23605115429074264,5.348147479921608,0.8942778312736054,0.5018994208820706,-0.030634341708480672,False,True,209.6300048828125,0.023184302454096972,0.5617001129982138,-0.01350585937500004,0.1049468086035606,0.21763358125492738,0.2123648166271468,190.5,0.10041997313812345,427029945.89660645,Technology,Software - Infrastructure,36652957696,166726719,0.054899998,0.106,0.731,True,2026-08-26,0.96,1.05,8.93,0.10576923076923084,"Okta, Inc. - Class A Common Stock",61
VGZ,Setup,2026-09-30,2026-09-21,7,0.16814164426745215,6.141529173989182,0.7368424354826971,-0.05439335093507458,0.10179407028954945,True,True,2.694999933242798,0.0055969649671485655,1.1694286054082594,-0.06747410539206289,0.07421152231460831,0.2593417520110116,-0.01642338545157651,2.5999999046325684,0.036538473882619105,4822990.745530844,Basic Materials,Gold,393392768,138367699,0.053000003,,,False,,,,,,Vista Gold Corp Common Stock,60
ACVA,Setup,2026-09-30,2026-09-11,13,0.44806097334090556,28.25496345293893,0.0,0.21548816845805718,-0.028603743540595472,True,True,10.4399995803833,0.0,0.9691993248267382,-0.0057143256777808515,0.0043103523086821,0.08237210494281962,0.002881818771462319,10.425000190734863,0.0014387903476269503,86273911.93237782,Consumer Cyclical,Auto & Truck Dealerships,1822666240,153638864,0.0941,0.104,,False,,,,,0.10447953826218481,ACV Auctions Inc. Class A Common Stock,56
ATEC,Setup,2026-09-30,2026-09-11,13,0.08031674501036301,3.0620748436525647,0.9841266237059172,0.08733087677155549,-0.045273869418588575,True,True,10.345000267028809,-0.002410763626438106,0.3407243990478331,-0.062103307572597966,0.07926531403171545,0.2738954481347737,-0.022211687936849134,9.720000267028809,0.06430040975616658,7685073.108369827,Healthcare,Medical Devices,1590950528,122062685,0.1078,0.151,,False,,,,,0.15074052515845304,"Alphatec Holdings, Inc. - Common Stock",54
JILL,Setup,2026-09-30,2026-09-09,15,0.14364921167089695,11.957572502685284,0.3288201374618623,0.46745558290236944,0.09803748861723682,False,True,24.204999923706055,-0.01123364475786881,0.22234790772119364,-0.031800003051757786,0.08841146029306741,0.17179317314170223,0.11338547279391742,22.860000610351562,0.05883636384267832,699403.4727954865,Consumer Cyclical,Apparel Retail,359758368,5498112,0.113400005,0.005,0.595,True,2026-09-09,0.57,1.24,116.78,0.005467994051445935,"J. Jill, Inc. Common Stock",53
SAIC,Setup,2026-09-30,2026-08-31,21,0.11456018108970123,3.7831761083141893,0.07197958696354612,0.20882920128144544,0.06882535266840417,True,False,128.5399932861328,0.0025737973245885115,0.18709055876685934,-0.09897665788247034,0.06332653014952404,0.16240826873385011,0.0024956485913527615,127.1500015258789,0.010931905179497825,10983485.346313477,Technology,Information Technology Services,5385521664,41460224,0.060900003,0.063,-0.197,True,2026-08-31,2.31,3.01,30.39,0.06274731486715668,Science Applications International Corporation - Common Stock,53
CSR,Setup,2026-09-30,2026-09-09,15,0.09732500772564867,15.218839271177158,0.25572567987443545,-0.08330436374830164,-0.042451168669290995,True,False,54.75,-0.006892818080045493,0.3762575536224185,-0.07688418930545693,0.02922371642230308,0.13672019062439214,-0.04550210220675177,54.290000915527344,0.008472998281735089,4963470.75,Real Estate,REIT - Residential,968289536,15446420,0.080299996,-0.04,,False,,,,,-0.040365286145676804,D/B/A Centerspace Common Stock,52
NNBR,Setup,2026-09-30,2026-09-23,5,0.10979232538350026,4.6853397165563395,0.6595743061892952,0.17013880265532055,-0.04570428531653048,True,True,3.8399999141693115,-0.010309329662834377,0.3242282891672038,-0.04477613622170129,0.1106771354776974,0.23425921502409294,-0.00518134234975598,3.5799999237060547,0.07262569720786538,2870384.5758419037,Industrials,Conglomerates,316696032,68452930,0.0511,0.193,,False,,,,,0.19291889437644194,"NN, Inc. - Common Stock",52
PUSA,Setup,2026-09-30,2026-08-24,26,0.13702624474132374,5.092025657846782,0.07142849033383136,-0.08776593737847227,-0.06053134642181812,True,False,3.8550000190734863,0.06786707232609435,1.1066559511371856,-0.07553958068519095,0.11613489531414416,0.18549948108649753,0.019841282606185118,3.5,0.10142857687813889,2654190.64313221,Consumer Cyclical,Leisure,106883904,19841523,0.089099996,0.176,,,,,,,0.17638717304958895,Aureus Greenway Holdings Inc. - Common Stock,50
FLXS,Setup,2026-09-30,2026-08-18,30,0.14309905873987727,5.273849220037561,0.0796103615999048,0.32448599271685175,-0.00011569478915163245,False,False,85.29499816894531,-0.012332126376555341,0.4280074370985657,-0.059073395110808,0.07937164450196095,0.28811845930232555,0.10543019855804836,83.87999725341797,0.016869348615407675,3023792.9800872803,Consumer Cyclical,"Furnishings, Fixtures & Appliances",349005056,3620454,0.0744,0.007,0.188,True,2026-08-17,1.15,1.33,15.65,0.0065787751611974254,"Flexsteel Industries, Inc. - Common Stock",49
MRK,Setup,2026-09-30,2026-08-19,29,0.08707556729970456,3.2545228874987586,0.848836961728855,0.20087065654547298,0.07205625403166205,True,False,146.7449951171875,-0.01698153592469709,0.4153265101606347,-0.06484197788992496,0.03659416371705341,0.23588630809456834,-0.03584101143516938,146.08999633789062,0.004483529301910094,609270838.717041,Healthcare,Drug Manufacturers - General,361971056640,2463026790,0.0139999995,0.051,,False,,,,,0.050676958117170656,"Merck & Company, Inc. Common Stock (new)",46
ONON,Setup,2026-09-30,2026-09-22,6,0.11273791940376787,5.640417178969987,0.011172380724046992,-0.24551227877441706,-0.15731031467038747,True,False,29.43000030517578,-0.004060877664398332,0.6101975834052814,-0.05551988288536558,0.06235131041265873,0.20958244374685042,0.0013610383245339364,29.165000915527344,0.009086212286293804,167064488.12238312,Consumer Cyclical,Footwear & Accessories,9827582976,248712556,0.0916,0.135,,False,,,,,0.13494394020288314,On Holding AG Class A Ordinary Shares,40
ALVO,Setup,2026-09-30,2026-08-24,26,0.081264141639801,3.501151534938717,0.8307450357849968,0.31065079241022,0.20386973193923574,False,True,5.864999771118164,-0.0092905919707712,0.3826485464893977,-0.04943278790994465,0.08525149522805094,0.31052977128095266,0.11714281354631706,5.670000076293945,0.03439148010588311,2465164.9737968445,Healthcare,Drug Manufacturers - Specialty & Generic,2096300032,140789299,0.0361,-0.389,,False,,,,,-0.38944464006372703,Alvotech - Ordinary Shares,39
