ticker,ep_date,days,ep_gap,ep_rvol,ep_close,ep_lod,close,ret_since,max_gain,sma10,sma20,above_sma10,above_sma20,lod_broken,gap_filled,status,name,action
PCRX,2026-10-08,1,0.44166669568056705,47.638066540951826,36.38999938964844,36.27000045776367,36.310001373291016,-0.0021983516817584148,0.0019235970321047624,27.401999855041502,26.048999977111816,True,True,False,False,Sobre MM10,"Pacira BioSciences, Inc. - Common Stock",Mantener con el stop inicial
HAE,2026-10-08,1,0.13066562811085736,3.934099021578573,119.47000122070312,111.66000366210938,118.69000244140625,-0.006528825406605154,0.014396929799353364,107.4010009765625,107.20650024414063,True,True,False,False,Sobre MM10,Haemonetics Corporation Common Stock,Mantener con el stop inicial
PRME,2026-10-06,3,0.1090342369075521,4.09273411944897,3.5,3.259999990463257,3.990000009536743,0.14000000272478386,0.18285710471017014,3.3170000076293946,3.2290000200271605,True,True,False,False,Sobre MM10,"Prime Medicine, Inc. - Common Stock",Vender 1/3–1/2 y subir el stop a breakeven
CEG,2026-10-06,3,0.08777367410117853,4.7589684001420345,300.3999938964844,291.0,298.07000732421875,-0.007756280358209744,0.03129159150290639,274.6189987182617,268.10149841308595,True,True,True,False,Perdió LOD,Constellation Energy Corporation - Common Stock When-Issued,Salida: cerró bajo el LOD del EP
PICS,2026-10-05,4,0.12211217140202502,3.6168613872074,11.619999885559082,10.050000190734863,13.600000381469727,0.17039591354654982,0.1876076012603931,10.425999927520753,9.945999956130981,True,True,False,False,Sobre MM10,PicS N.V. - Class A Common Shares,Vender 1/3–1/2 y subir el stop a breakeven
XP,2026-10-05,4,0.20790694480718575,7.881057592563853,28.149999618530273,25.84000015258789,32.220001220703125,0.14458265212528443,0.14706931982591698,25.400500106811524,22.84950008392334,True,True,False,False,Sobre MM10,XP Inc. - Class A Common Stock,Vender 1/3–1/2 y subir el stop a breakeven
AFYA,2026-10-05,4,0.09328963704888849,7.486513266541891,13.3100004196167,12.734999656677246,14.75,0.1081892963925819,0.10894062836602769,13.022499942779541,13.294749975204468,True,True,False,False,Sobre MM10,Afya Limited - Class A Common Shares,Vender 1/3–1/2 y subir el stop a breakeven
STNE,2026-10-05,4,0.13926700493643795,5.618905997494651,11.539999961853027,10.880000114440918,12.460000038146973,0.07972271051430901,0.08318891172620257,10.55900011062622,10.085500049591065,True,True,False,False,Sobre MM10,StoneCo Ltd. - Class A Common Share,Vender 1/3–1/2 y subir el stop a breakeven
PAGS,2026-10-05,4,0.14190683680835892,6.47592423040703,10.949999809265137,10.300000190734863,11.15999984741211,0.019178086009580042,0.022374419162252357,9.851000022888183,9.619000101089478,True,True,False,False,Sobre MM10,PagSeguro Digital Ltd. Class A Common Shares,Vender 1/3–1/2 y subir el stop a breakeven
RXO,2026-10-05,4,0.24037643460074132,10.980890126441667,28.649999618530273,28.030000686645508,29.079999923706055,0.015008736855188776,0.017452007213173193,24.961999893188477,22.362499904632568,True,True,False,False,Sobre MM10,"RXO, Inc. Common Stock",Vender 1/3–1/2 y subir el stop a breakeven
BBD,2026-10-05,4,0.15342463784871985,4.377203968600423,4.329999923706055,4.190000057220459,4.300000190734863,-0.006928344919118312,0.057736721571584715,3.9110000133514404,3.6950000166893004,True,True,False,False,Sobre MM10,Banco Bradesco Sa American Depositary Shares,"Mantener: sin parcial, no está en ganancia"
ARCO,2026-10-05,4,0.092826981015242,5.774712174846194,8.100000381469727,7.639999866485596,7.769999980926514,-0.040740788271831585,0.019753066651470697,7.5440000057220455,7.552999997138977,True,True,False,False,Sobre MM10,Arcos Dorados Holdings Inc. Class A Shares,"Mantener: sin parcial, no está en ganancia"
SYNA,2026-10-02,5,0.14649076965460295,11.471522065050529,121.0999984741211,119.91000366210938,119.81999969482422,-0.010569767096821336,0.007266762129650717,112.72800064086914,104.18850021362304,True,True,True,False,Perdió LOD,Synaptics Incorporated - Common Stock,Salida: cerró bajo el LOD del EP
CCL,2026-09-29,8,0.1016260190617706,3.7294554850152517,25.110000610351562,24.0,26.350000381469727,0.04938270573386516,0.06371957129549011,25.338999938964843,23.742500019073486,True,True,False,False,Sobre MM10,Carnival Corporation Ltd. Common Shares,Trailing: salir si cierra bajo 25.34 (MM10)
IOVA,2026-09-29,8,0.1637852800930244,4.807778181539945,14.449999809265137,12.779999732971191,14.619999885559082,0.011764711317500787,0.05882355658750371,13.666999912261963,11.912499952316285,True,True,False,False,Sobre MM10,"Iovance Biotherapeutics, Inc. - Common Stock",Trailing: salir si cierra bajo 13.67 (MM10)
WW,2026-09-29,8,0.08383241549845799,5.708920187793427,17.100000381469727,14.880000114440918,14.859999656677246,-0.13099419151006797,0.10555557104734081,15.15,15.282249975204468,False,False,True,True,Perdió LOD,"WW International, Inc.  - Common Stock",Salida: cerró bajo el LOD del EP
KOD,2026-09-28,9,0.9075734774404571,57.38424761320707,89.91999816894531,60.4900016784668,99.87000274658203,0.11065396775189273,0.15658365344492786,94.01100006103516,63.393999862670896,True,True,False,False,Sobre MM10,Kodiak Sciences Inc - Common Stock,Trailing: salir si cierra bajo 94.01 (MM10)
SRZN,2026-09-24,11,0.8910890937190394,52.612601099081665,33.68000030517578,29.100000381469727,29.690000534057617,-0.118467925622465,0.12321857150461946,29.142499923706055,24.548250102996825,True,True,True,False,Perdió LOD,"Surrozen, Inc. - Common Stock",Salida: cerró bajo el LOD del EP
NNBR,2026-09-23,12,0.10979232538350026,4.6853397165563395,3.859999895095825,3.549999952316284,3.950000047683716,0.023316102340374956,0.24093266632954524,3.96700005531311,3.7110000014305116,False,True,False,False,Entre MM10 y MM20,"NN, Inc. - Common Stock",Salida: cerró bajo MM10 (3.97)
MAZE,2026-09-22,13,0.09513180554618494,8.189399819059384,28.3799991607666,24.5,27.110000610351562,-0.04474977406520597,0.053911230862917936,26.623000144958496,25.80625,True,True,False,False,Sobre MM10,"Maze Therapeutics, Inc. - Common Stock",Trailing: salir si cierra bajo 26.62 (MM10)
BFLY,2026-09-22,13,0.087223588231097,3.273213490019498,9.930000305175781,8.35099983215332,8.25,-0.1691843155634265,0.028197353914002132,8.731999969482422,8.585000038146973,False,False,True,True,Perdió LOD,"Butterfly Network, Inc. Class A Common Stock",Salida: cerró bajo el LOD del EP
VKTX,2026-09-22,13,0.22882760710671368,20.848765588178775,40.849998474121094,36.34000015258789,28.510000228881836,-0.3020807516812216,0.05507956142092385,30.032999801635743,31.73000011444092,False,False,True,True,Perdió LOD,"Viking Therapeutics, Inc. - Common Stock",Salida: cerró bajo el LOD del EP
GRAL,2026-09-21,14,0.1605794448403821,4.762529519811073,107.97000122070312,92.0,140.5800018310547,0.30202834344414753,0.5418635196939707,138.25899963378907,117.34749908447266,True,True,False,False,Sobre MM10,"GRAIL, Inc. - Common Stock",Trailing: salir si cierra bajo 138.26 (MM10)
PRTH,2026-09-21,14,0.33533446814580525,43.81835149787091,7.800000190734863,7.760000228881836,7.809999942779541,0.0012820194615579261,0.0051282001121668586,7.787000131607056,7.326250100135804,True,True,False,False,Sobre MM10,"Priority Technology Holdings, Inc. - Common Stock",Trailing: salir si cierra bajo 7.79 (MM10)
VGZ,2026-09-21,14,0.16814164426745215,6.141529173989182,2.740000009536743,2.5999999046325684,2.6500000953674316,-0.032846683889073414,0.05474456016253537,2.668000054359436,2.5725000381469725,False,True,False,False,Entre MM10 y MM20,Vista Gold Corp Common Stock,Salida: cerró bajo MM10 (2.67)
NUAI,2026-09-21,14,0.17150164073478158,3.950342584519044,7.650000095367432,6.75,4.695000171661377,-0.3862744950154311,0.03790849127291396,6.0065000534057615,6.191000008583069,False,False,True,True,Perdió LOD,"New Era Energy & Digital, Inc. - Common Stock",Salida: cerró bajo el LOD del EP
USDE,2026-09-18,15,0.2373540745332965,3.174576443889447,10.1899995803833,8.510000228881836,12.300000190734863,0.20706581915994482,0.7772327140439732,14.481999969482422,12.64799997806549,False,False,False,False,Bajo MM20,StablecoinX Inc. - Class A Common Stock,Salida: cerró bajo MM10 (14.48)
DSP,2026-09-18,15,0.15069852357517077,8.902356162879283,11.880000114440918,11.220000267028809,13.130000114440918,0.10521885420527433,0.13804716561654118,12.482500076293945,12.346750068664551,True,True,False,False,Sobre MM10,Viant Technology Inc. - common stock,Trailing: salir si cierra bajo 12.48 (MM10)
INIO,2026-09-17,16,0.12453243960809957,3.1370413244154447,20.959999084472656,19.260000228881836,19.790000915527344,-0.05582052576576957,0.04866414610291159,19.260000038146973,19.329500007629395,True,True,True,True,Perdió LOD,INNIO N.V. - Ordinary Shares,Salida: cerró bajo el LOD del EP
GLOO,2026-09-17,16,0.19410317654373688,12.818815730501036,4.909999847412109,4.429999828338623,3.825000047683716,-0.22097756282014125,0.13645623159175435,4.157499957084656,4.304250001907349,False,False,True,True,Perdió LOD,"Gloo Holdings, Inc. - Common Stock",Salida: cerró bajo el LOD del EP
LUXE,2026-09-16,17,0.1734266057924576,17.66076714744599,8.8100004196167,7.88100004196167,10.210000038146973,0.15891027830293614,0.19636770259218617,9.938999938964844,9.444000005722046,True,True,False,False,Sobre MM10,"LuxExperience B.V. American Depositary Shares, each representing one Ordinary Share",Trailing: salir si cierra bajo 9.94 (MM10)
VRA,2026-09-15,18,0.1874999803932087,101.79542694196546,4.090000152587891,3.240000009536743,5.139999866485596,0.25672363685202604,0.30073348977633185,4.842999982833862,4.433500003814697,True,True,False,False,Sobre MM10,"Vera Bradley, Inc. - Common Stock",Trailing: salir si cierra bajo 4.84 (MM10)
RLGT,2026-09-15,18,0.1510352941969093,23.125344872651237,9.8100004196167,9.15999984741211,9.210000038146973,-0.06116211578033448,0.039755287764164704,9.114000034332275,8.946500110626221,True,True,True,False,Perdió LOD,"Radiant Logistics, Inc. Common Stock",Salida: cerró bajo el LOD del EP
ATEC,2026-09-11,20,0.08031674501036301,3.0620748436525647,10.579999923706055,9.34000015258789,10.670000076293945,0.008506630740727328,0.042533063564286655,10.319999980926514,10.312499952316283,True,True,False,False,Sobre MM10,"Alphatec Holdings, Inc. - Common Stock",Trailing: salir si cierra bajo 10.32 (MM10)
FEIM,2026-09-11,20,0.33129231257380365,4.8643058602319025,88.37999725341797,78.31999969482422,75.08999633789062,-0.15037340267639998,0.015614448129654512,82.47199935913086,84.02299995422364,False,False,True,False,Perdió LOD,"Frequency Electronics, Inc. - Common Stock",Salida: cerró bajo el LOD del EP
